true_strain;plastic_stress_MPa
0.00015;113.88501
0.00805;122.4379
0.01579;127.71787
0.02236;132.49543
0.0308;137.7747
0.03925;142.29857
0.04816;146.57016
0.05755;149.83409
0.06435;152.34523
0.07467;156.11181
0.08805;159.87531
0.10072;164.14313
0.11128;166.90228
0.1209;168.15158
0.13568;171.91366
0.14883;174.67021
0.16173;177.1752
0.17441;179.42862
0.1845;180.92925
0.19647;183.18338
0.20633;184.43244
0.21431;184.6762
